{
    "metrics": {
        "checks": {
            "passes": 75501,
            "fails": 23609,
            "value": 0.7617899303803854
        },
        "http_reqs": {
            "count": 49555,
            "rate": 547.6928817277364
        },
        "http_req_failed": {
            "passes": 0,
            "fails": 49555,
            "thresholds": {
                "rate<0.01": false
            },
            "value": 0
        },
        "http_req_duration{type:redirect}": {
            "max": 21.543,
            "p(90)": 0.264,
            "p(95)": 0.39159999999999895,
            "avg": 0.2026893981108905,
            "min": 0.043,
            "med": 0.115,
            "thresholds": {
                "p(95)<300": false
            }
        },
        "iterations": {
            "count": 23609,
            "rate": 260.93191897306286
        },
        "vus": {
            "value": 100,
            "min": 2,
            "max": 100
        },
        "http_req_waiting": {
            "p(95)": 7.636099999999985,
            "avg": 1.1060176369690315,
            "min": 0.036,
            "med": 0.129,
            "max": 67.218,
            "p(90)": 3.9382000000000024
        },
        "data_sent": {
            "count": 6088939,
            "rate": 67296.30809352038
        },
        "http_req_duration{type:shorten}": {
            "avg": 1.3508627218433609,
            "min": 0.059,
            "med": 0.176,
            "max": 32.925,
            "p(90)": 5.047,
            "p(95)": 8.09299999999999,
            "thresholds": {
                "p(95)<1000": false
            }
        },
        "http_req_blocked": {
            "avg": 0.0023093330642737745,
            "min": 0,
            "med": 0.001,
            "max": 0.924,
            "p(90)": 0.003,
            "p(95)": 0.004
        },
        "http_req_duration": {
            "p(95)": 7.983,
            "avg": 1.1796310765815758,
            "min": 0.043,
            "med": 0.144,
            "max": 241.011,
            "p(90)": 4.106600000000001,
            "thresholds": {
                "p(95)<500": false
            }
        },
        "vus_max": {
            "min": 100,
            "max": 100,
            "value": 100
        },
        "http_req_tls_handshaking": {
            "avg": 0,
            "min": 0,
            "med": 0,
            "max": 0,
            "p(90)": 0,
            "p(95)": 0
        },
        "http_req_sending": {
            "p(90)": 0.011,
            "p(95)": 0.019,
            "avg": 0.006117203107657494,
            "min": 0.001,
            "med": 0.003,
            "max": 4.096
        },
        "failed_redirects": {
            "count": 23609,
            "rate": 260.93191897306286
        },
        "iteration_duration": {
            "min": 0.489416,
            "med": 254.562458,
            "max": 575.440375,
            "p(90)": 454.92342560000003,
            "p(95)": 479.10088319999994,
            "avg": 254.1783681105951
        },
        "http_req_duration{expected_response:true}": {
            "min": 0.043,
            "med": 0.144,
            "max": 241.011,
            "p(90)": 4.106600000000001,
            "p(95)": 7.983,
            "avg": 1.1796310765815758
        },
        "data_received": {
            "count": 4773197746,
            "rate": 52754443.11498489
        },
        "http_req_connecting": {
            "max": 0.768,
            "p(90)": 0,
            "p(95)": 0,
            "avg": 0.0006475229542932099,
            "min": 0,
            "med": 0
        },
        "http_req_receiving": {
            "med": 0.009,
            "max": 238.267,
            "p(90)": 0.045,
            "p(95)": 0.14,
            "avg": 0.06749623650489847,
            "min": 0.003
        }
    },
    "root_group": {
        "groups": {},
        "checks": {
                "shorten status is 200": {
                    "path": "::shorten status is 200",
                    "id": "f4ead02e2c0f8dc25b5dbb60a0159b91",
                    "passes": 23609,
                    "fails": 0,
                    "name": "shorten status is 200"
                },
                "shorten response has short_url": {
                    "passes": 23609,
                    "fails": 0,
                    "name": "shorten response has short_url",
                    "path": "::shorten response has short_url",
                    "id": "1aad7fdd1ba8859af547cabf42c73968"
                },
                "redirect status is 301": {
                    "name": "redirect status is 301",
                    "path": "::redirect status is 301",
                    "id": "ef5b2ec5a06d2ea851292ad20591e2ea",
                    "passes": 0,
                    "fails": 23609
                },
                "redirect header has location": {
                    "passes": 23609,
                    "fails": 0,
                    "name": "redirect header has location",
                    "path": "::redirect header has location",
                    "id": "bc52b1ae34c6bba0d7abeb3afdb32710"
                },
                "analytics status is 200": {
                    "name": "analytics status is 200",
                    "path": "::analytics status is 200",
                    "id": "87dbeded804ce9a5117f1f7e68667b1a",
                    "passes": 2337,
                    "fails": 0
                },
                "analytics response has total_urls": {
                    "name": "analytics response has total_urls",
                    "path": "::analytics response has total_urls",
                    "id": "cc64c19371dbe1b1c97e538fa2b5ba69",
                    "passes": 2337,
                    "fails": 0
                }
            },
        "name": "",
        "path": "",
        "id": "d41d8cd98f00b204e9800998ecf8427e"
    }
}